<?xml version="1.0" encoding="UTF-8"?>
<project-private xmlns="http://www.netbeans.org/ns/project-private/1">
    <editor-bookmarks xmlns="http://www.netbeans.org/ns/editor-bookmarks/2" lastBookmarkId="0"/>
    <open-files xmlns="http://www.netbeans.org/ns/projectui-open-files/2">
        <group>
            <file>file:/C:/Users/leone/OneDrive/Documentos/NetBeansProjects/Tiendita/src/Main/Main.java</file>
            <file>file:/C:/Users/leone/OneDrive/Documentos/NetBeansProjects/Tiendita/src/Models/Inventory.java</file>
            <file>file:/C:/Users/leone/OneDrive/Documentos/NetBeansProjects/Tiendita/src/Models/Product.java</file>
            <file>file:/C:/Users/leone/OneDrive/Documentos/NetBeansProjects/Tiendita/src/Payments/Pago.java</file>
            <file>file:/C:/Users/leone/OneDrive/Documentos/NetBeansProjects/Tiendita/src/Payments/PagoEfectivo.java</file>
            <file>file:/C:/Users/leone/OneDrive/Documentos/NetBeansProjects/Tiendita/src/Payments/PagoPayPal.java</file>
            <file>file:/C:/Users/leone/OneDrive/Documentos/NetBeansProjects/Tiendita/src/Payments/PagoTarjeta.java</file>
            <file>file:/C:/Users/leone/OneDrive/Documentos/NetBeansProjects/Tiendita/src/Views/AdminView.java</file>
            <file>file:/C:/Users/leone/OneDrive/Documentos/NetBeansProjects/Tiendita/src/Views/ClientView.java</file>
            <file>file:/C:/Users/leone/OneDrive/Documentos/NetBeansProjects/Tiendita/src/Views/LoginView.java</file>
            <file>file:/C:/Users/leone/OneDrive/Documentos/NetBeansProjects/Tiendita/src/Views/PayView.java</file>
        </group>
    </open-files>
</project-private>
